epoch,loss,val_loss
0,2.9057330840487663,2.6963276282170305
1,2.2845566967582736,2.3119298868669116
2,1.6022669465301023,1.8228122469997647
3,0.6570336266470436,1.2660641334144185
4,-0.033721345709091355,0.9952968765890866
5,-0.3144588728562188,0.6976281304148533
6,-0.829164980582502,0.3295156065802685
7,-1.4326248445947953,-0.13873370770785723
8,-1.0341035916912868,-0.5067232427961551
9,1.5884704382135382,-0.06839025000979136
10,2.034597165958276,-0.7175842417512587
