epoch,loss,val_loss
0,0.4854352576514198,0.13345193059416566
1,-0.6342598718187725,-1.001011046994678
2,-1.137041600602278,1.9694940537058103
3,-1.2434846731634057,-2.0473474181952414
4,-0.7764289868222483,2.3589265486125246
5,1.3678533960713486,1.3710831165633117
6,0.2378099968975602,-1.3965429548569728
7,-1.6492309024170937,-1.0981485391425112
8,-1.2973318244056773,-2.2308320456583473
9,-1.775121202250156,0.36579561032619823
10,3.064883803134683,2.74220299098697
