epoch,loss,val_loss
0,6.7532460326916555,5.73255235569734
1,6.446801155833827,5.538435074985964
2,6.181325297799511,5.370721041643555
3,5.948132381008998,5.22287458696149
4,5.740983807284059,5.090331973272316
5,5.555483563017369,4.970045685845221
6,5.388564294338367,4.860063856886632
7,5.238072106438916,4.759193846562112
8,5.1024242117930925,4.666737490082419
9,4.980364781275799,4.582285385505996
10,4.87083889309243,4.505553878308259
