epoch,loss,val_loss
0,4.407599862995168,4.060310767126811
1,3.8104302564503834,4.226524529532536
2,3.127252476223181,4.313351325198695
3,2.757329866228574,4.128451615387009
